reference,transfer_to_source,status,payment_method_code,updated_at
wwa5-vbse,False,canceled,yemekpay_creditcard,2024-05-06 17:50:29
jn6g-g3r2,False,canceled,yemekpay_creditcard,2024-05-06 17:50:46
gm6k-izfx,False,canceled,yemekpay_creditcard,2024-05-06 17:51:18
ydg0-qz6a,False,partially_refunded_to_source,yemekpay_creditcard,2024-05-06 17:51:27
f9av-lv5u,False,canceled,yemekpay_creditcard,2024-05-06 17:51:34
oxja-h2z6,False,canceled,yemekpay_creditcard,2024-05-06 17:51:38
e836-g4ko,False,canceled_to_wallet,yemekpay_creditcard,2024-05-06 17:52:09
v9ri-7b8b,False,partially_refunded_to_source,yemekpay_creditcard,2024-05-06 17:52:27
b2s0-augf,False,partially_refunded_to_source,yemekpay_creditcard,2024-05-06 17:52:27
n57i-9r50,False,canceled,yemekpay_creditcard,2024-05-06 17:52:56
yeae-unom,False,canceled,yemekpay_creditcard,2024-05-06 17:54:38
w0wj-4o04,False,canceled,yemekpay_creditcard,2024-05-06 17:55:02
m8ns-g7xk,False,canceled,yemekpay_creditcard,2024-05-06 17:55:36
va9o-v4p1,False,canceled_to_wallet,yemekpay_creditcard,2024-05-06 17:55:44
k34i-rxkq,False,canceled,yemekpay_creditcard,2024-05-06 17:57:15
an3j-fu4g,False,partially_refunded_to_source,yemekpay_creditcard,2024-05-06 17:57:27
ou91-3b3v,False,canceled,yemekpay_creditcard,2024-05-06 17:58:28
mbs9-cmfw,False,canceled_to_wallet,yemekpay_creditcard,2024-05-06 17:58:36
sp78-n1w2,False,canceled_to_wallet,yemekpay_creditcard,2024-05-06 17:58:57
zjbv-rll6,False,canceled,yemekpay_creditcard,2024-05-06 17:59:39
ibsn-zgkr,False,partially_refunded_to_source,yemekpay_creditcard,2024-05-06 17:59:57
c5ff-8e15,False,canceled_to_wallet,yemekpay_creditcard,2024-05-06 18:00:13
sh4q-x2ze,False,canceled,yemekpay_creditcard,2024-05-06 18:00:38
lbkq-wgjv,False,canceled,yemekpay_creditcard,2024-05-06 18:02:14
sukr-csml,False,canceled,yemekpay_creditcard,2024-05-06 18:02:43
cddk-hn4d,False,partially_refunded_to_source,yemekpay_creditcard,2024-05-06 18:02:57
um8n-p3iz,False,canceled,yemekpay_creditcard,2024-05-06 18:03:50
p7xe-xmd1,False,canceled,yemekpay_creditcard,2024-05-06 18:03:52
folv-kfzc,False,partially_refunded_to_source,yemekpay_creditcard,2024-05-06 18:05:27
oudc-uroc,False,canceled,yemekpay_creditcard,2024-05-06 18:05:35
mhdk-vkcx,False,partially_refunded_to_source,yemekpay_creditcard,2024-05-06 18:05:57
e3un-cqfl,False,partially_refunded_to_source,yemekpay_creditcard,2024-05-06 18:07:57
era1-sfwl,False,canceled,yemekpay_creditcard,2024-05-06 18:08:16
lmp8-c6lp,False,partially_refunded_to_source,yemekpay_creditcard,2024-05-06 18:09:57
lps8-7gao,False,canceled,yemekpay_creditcard,2024-05-06 18:11:29
vmfn-czl8,False,canceled,yemekpay_creditcard,2024-05-06 18:12:48
z2cg-noo1,False,partially_refunded_to_source,yemekpay_creditcard,2024-05-06 18:16:27
ax4n-xo62,False,canceled,yemekpay_creditcard,2024-05-06 18:18:12
om76-btcy,False,partially_refunded_to_source,yemekpay_creditcard,2024-05-06 18:19:57
fydn-dkwe,False,partially_refunded_to_source,yemekpay_creditcard,2024-05-06 18:24:57
dwc6-3hwd,False,canceled,yemekpay_creditcard,2024-05-06 18:27:05
mar3-0e1k,False,canceled,yemekpay_creditcard,2024-05-06 18:29:40
xlvh-2qyr,False,canceled,yemekpay_creditcard,2024-05-06 18:31:54
fbd2-gct9,False,partially_refunded_to_source,yemekpay_creditcard,2024-05-06 18:33:27
m9ys-4chp,False,canceled,yemekpay_creditcard,2024-05-06 18:33:32
lam1-fquu,False,canceled,yemekpay_creditcard,2024-05-06 18:35:30
l0qd-ldcu,False,canceled,yemekpay_creditcard,2024-05-06 18:36:53
cuys-0smc,False,partially_refunded_to_source,yemekpay_creditcard,2024-05-06 18:38:27
sljq-mzfj,False,canceled,yemekpay_creditcard,2024-05-06 18:42:55
how8-y3lr,False,canceled,yemekpay_creditcard,2024-05-06 18:43:20
om21-md4k,False,partially_refunded_to_source,yemekpay_creditcard,2024-05-06 18:43:27
kqfe-1gf5,False,canceled,yemekpay_creditcard,2024-05-06 18:45:11
lgeh-jpxn,False,canceled,yemekpay_creditcard,2024-05-06 18:45:22
tne9-jat8,False,partially_refunded_to_source,yemekpay_creditcard,2024-05-06 18:45:57
xxn8-54vw,False,canceled,yemekpay_creditcard,2024-05-06 18:46:11
oajk-14at,False,partially_refunded_to_source,yemekpay_creditcard,2024-05-06 18:47:27
ag4p-gh3l,False,canceled,yemekpay_creditcard,2024-05-06 18:47:52
kpej-dibk,False,partially_refunded_to_source,yemekpay_creditcard,2024-05-06 18:48:57
q1qk-yphm,False,partially_refunded_to_source,yemekpay_creditcard,2024-05-06 18:50:27
gkqu-aa7e,False,partially_refunded_to_source,yemekpay_creditcard,2024-05-06 18:51:27
g0gs-p3ue,False,partially_refunded_to_source,yemekpay_creditcard,2024-05-06 18:53:57
ieba-sg2f,False,partially_refunded_to_source,yemekpay_creditcard,2024-05-06 18:54:57
kjzp-lvio,False,partially_refunded_to_source,yemekpay_creditcard,2024-05-06 18:57:27
btu8-7v1n,False,partially_refunded_to_source,yemekpay_creditcard,2024-05-06 18:57:27
cb1f-75nb,False,partially_refunded_to_wallet,balance,2024-05-06 18:57:57
kjp6-emep,False,canceled_to_wallet,yemekpay_creditcard,2024-05-06 18:58:39
w42f-hc0f,False,canceled,yemekpay_creditcard,2024-05-06 18:58:47
o1yl-st2w,False,canceled,yemekpay_creditcard,2024-05-06 18:59:23
n82r-tj6y,False,canceled,yemekpay_creditcard,2024-05-06 19:00:48
ejs8-7lpb,False,canceled,yemekpay_creditcard,2024-05-06 19:02:07
ee9z-n9da,False,partially_refunded_to_source,yemekpay_creditcard,2024-05-06 19:02:57
ludc-zz9b,False,canceled,yemekpay_creditcard,2024-05-06 19:03:11
cs79-sfts,False,partially_refunded_to_source,yemekpay_creditcard,2024-05-06 19:10:57
u2ry-rs1w,False,partially_refunded_to_source,craftgate_edenred,2024-05-06 19:11:27
tjdq-p1y0,False,canceled_to_wallet,yemekpay_creditcard,2024-05-06 19:11:46
uli0-wyqf,False,partially_refunded_to_source,yemekpay_creditcard,2024-05-06 19:19:27
fj9a-g3lg,False,canceled,yemekpay_creditcard,2024-05-06 19:23:01
nyxm-4rq3,False,canceled,yemekpay_creditcard,2024-05-06 19:24:27
ciu0-ies5,False,canceled,yemekpay_creditcard,2024-05-06 19:24:59
f7oo-68mp,False,canceled,yemekpay_creditcard,2024-05-06 19:25:09
c1lg-yr14,False,partially_refunded_to_source,yemekpay_creditcard,2024-05-06 19:25:27
aya6-mza9,False,canceled,yemekpay_creditcard,2024-05-06 19:25:28
en16-zr7y,False,partially_refunded_to_source,yemekpay_creditcard,2024-05-06 19:28:57
mwcn-3dfx,False,canceled,yemekpay_creditcard,2024-05-06 19:29:08
tbrt-m491,False,canceled,yemekpay_creditcard,2024-05-06 19:29:12
akwy-u4pf,False,canceled,yemekpay_creditcard,2024-05-06 19:31:38
wvql-1wb8,False,partially_refunded_to_source,yemekpay_creditcard,2024-05-06 19:34:57
l0g5-m7e0,False,partially_refunded_to_source,yemekpay_creditcard,2024-05-06 19:41:27
stmv-fjn3,False,canceled,yemekpay_creditcard,2024-05-06 19:45:13
qy8x-zbvk,False,partially_refunded_to_source,yemekpay_creditcard,2024-05-06 19:48:27
yvsa-obe1,False,partially_refunded_to_source,yemekpay_creditcard,2024-05-06 19:49:57
pruw-mm45,False,canceled,yemekpay_creditcard,2024-05-06 19:51:11
bimj-mp8e,False,canceled,yemekpay_creditcard,2024-05-06 19:51:39
lnl2-smoq,False,partially_refunded_to_source,yemekpay_creditcard,2024-05-06 19:52:27
snsl-ju15,False,partially_refunded_to_source,yemekpay_creditcard,2024-05-06 19:52:57
i5jm-isy8,False,canceled,yemekpay_creditcard,2024-05-06 19:53:09
oudc-jmot,False,partially_refunded_to_source,yemekpay_creditcard,2024-05-06 19:53:57
guq5-ft0w,False,canceled,yemekpay_creditcard,2024-05-06 19:54:58
qelb-aloa,False,canceled,yemekpay_creditcard,2024-05-06 19:56:00
uaz7-m9tl,False,canceled_to_wallet,yemekpay_creditcard,2024-05-06 19:57:39
keuf-o960,False,canceled,yemekpay_creditcard,2024-05-06 19:58:16
hewy-vb9l,False,partially_refunded_to_source,yemekpay_creditcard,2024-05-06 19:59:27
hyss-koy4,False,canceled,yemekpay_creditcard,2024-05-06 19:59:30
j9k5-7pj0,False,partially_refunded_to_source,yemekpay_creditcard,2024-05-06 20:01:27
sirx-gm4z,False,partially_refunded_to_source,yemekpay_creditcard,2024-05-06 20:02:57
pyyf-3ft1,False,partially_refunded_to_source,yemekpay_creditcard,2024-05-06 20:05:57
folv-ub4d,False,partially_refunded_to_source,yemekpay_creditcard,2024-05-06 20:06:27
js0k-rhho,False,canceled,yemekpay_creditcard,2024-05-06 20:06:38
dd1b-l29j,False,partially_refunded_to_source,yemekpay_creditcard,2024-05-06 20:10:27
d5xp-xbr8,False,partially_refunded_to_source,yemekpay_creditcard,2024-05-06 20:12:27
apal-vqb5,False,partially_refunded_to_source,yemekpay_creditcard,2024-05-06 20:18:27
w4yw-m9gb,False,partially_refunded_to_source,yemekpay_creditcard,2024-05-06 20:18:27
h94q-2k3a,False,canceled,yemekpay_creditcard,2024-05-06 20:20:15
f3qb-8n9i,False,canceled,yemekpay_creditcard,2024-05-06 20:20:21
b038-rlrs,False,partially_refunded_to_source,yemekpay_creditcard,2024-05-06 20:21:27
f44u-45sc,False,partially_refunded_to_source,yemekpay_creditcard,2024-05-06 20:26:27
trb7-tg0f,False,partially_refunded_to_source,craftgate_edenred,2024-05-06 20:29:27
h9rs-a3l3,False,canceled,yemekpay_creditcard,2024-05-06 20:30:53
lnvm-pk8v,False,canceled,yemekpay_creditcard,2024-05-06 20:31:15
fz1b-mkqk,False,canceled,yemekpay_creditcard,2024-05-06 20:31:25
i63a-ie2i,False,canceled_to_wallet,yemekpay_creditcard,2024-05-06 20:37:07
rvod-cwte,False,canceled,yemekpay_creditcard,2024-05-06 20:38:09
kioo-20m4,False,partially_refunded_to_source,yemekpay_creditcard,2024-05-06 20:38:57
fssv-h0mo,False,partially_refunded_to_source,yemekpay_creditcard,2024-05-06 20:41:27
v9s7-y9oq,False,canceled,yemekpay_creditcard,2024-05-06 20:43:05
jhq7-y2pg,False,partially_refunded_to_source,yemekpay_creditcard,2024-05-06 20:43:27
iyjq-3x1h,False,canceled,yemekpay_creditcard,2024-05-06 20:44:14
b5ph-zin0,False,partially_refunded_to_source,yemekpay_creditcard,2024-05-06 20:46:27
fxoz-3wg9,False,partially_refunded_to_source,yemekpay_creditcard,2024-05-06 20:49:27
folv-mctg,False,partially_refunded_to_source,yemekpay_creditcard,2024-05-06 20:49:57
pnoz-ip7u,False,partially_refunded_to_source,yemekpay_creditcard,2024-05-06 20:54:57
j19c-31aa,False,partially_refunded_to_source,yemekpay_creditcard,2024-05-06 20:56:57
a82n-idkb,False,canceled,yemekpay_creditcard,2024-05-06 21:05:20
zsp4-trbn,False,canceled,yemekpay_creditcard,2024-05-06 21:17:53
oudc-wk5o,False,canceled,yemekpay_creditcard,2024-05-06 21:48:07
e4wi-g5jh,False,canceled,yemekpay_creditcard,2024-05-06 22:10:37
hnsf-49tp,False,partially_refunded_to_source,yemekpay_creditcard,2024-05-06 22:37:07
pa0i-06sm,False,canceled,yemekpay_creditcard,2024-05-06 23:10:37
tujt-8uym,False,canceled,yemekpay_creditcard,2024-05-07 00:43:12
oct1-xn7i,False,canceled,yemekpay_creditcard,2024-05-07 00:50:48
bqsk-b8h2,False,partially_refunded_to_source,yemekpay_creditcard,2024-05-07 02:00:36
t1k5-tmt1,False,canceled,yemekpay_creditcard,2024-05-07 03:46:01
hu44-ojgg,False,canceled,yemekpay_creditcard,2024-05-07 04:30:52
b3e4-t88d,False,canceled_to_wallet,yemekpay_creditcard,2024-05-07 04:55:36
l1tz-l2wr,False,canceled,yemekpay_creditcard,2024-05-07 05:06:25
n72x-4p4f,False,canceled_to_wallet,yemekpay_creditcard,2024-05-07 05:06:57
t4ng-zya7,False,canceled,yemekpay_creditcard,2024-05-07 05:08:57
f6pg-ve0e,False,canceled,yemekpay_creditcard,2024-05-07 05:09:22
k3dd-yk29,False,canceled,yemekpay_creditcard,2024-05-07 05:10:28
qg8g-eho5,False,canceled,yemekpay_creditcard,2024-05-07 05:11:07
lbkq-v544,False,canceled_to_wallet,yemekpay_creditcard,2024-05-07 05:14:49
y17q-c1pq,False,canceled,yemekpay_creditcard,2024-05-07 05:16:00
xbbm-sbf4,False,canceled,yemekpay_creditcard,2024-05-07 05:17:10
en16-kzqy,False,canceled,yemekpay_creditcard,2024-05-07 05:18:12
gzti-fl0i,False,canceled,yemekpay_creditcard,2024-05-07 05:19:22
xztm-kc23,False,canceled,yemekpay_creditcard,2024-05-07 05:19:48
o9rr-qyri,False,canceled,yemekpay_creditcard,2024-05-07 05:22:54
e6su-c4tb,False,canceled,yemekpay_creditcard,2024-05-07 05:25:21
r17k-md4t,False,canceled,yemekpay_creditcard,2024-05-07 05:26:08
xlvh-kv9b,False,canceled_to_wallet,yemekpay_creditcard,2024-05-07 05:26:38
j81h-r6kw,False,canceled,yemekpay_creditcard,2024-05-07 05:28:39
n35x-1oga,False,canceled_to_wallet,yemekpay_creditcard,2024-05-07 05:28:43
mo3r-p0hx,False,canceled,yemekpay_creditcard,2024-05-07 05:29:25
vuj8-fpbu,False,canceled,yemekpay_creditcard,2024-05-07 05:29:56
x0gt-zfxf,False,canceled,yemekpay_creditcard,2024-05-07 05:30:28
utsy-8rq8,False,canceled,yemekpay_creditcard,2024-05-07 05:33:00
wiay-k28b,False,canceled,yemekpay_creditcard,2024-05-07 05:35:20
w5ck-1t3l,False,canceled,yemekpay_creditcard,2024-05-07 05:37:45
no5l-98fu,False,canceled,yemekpay_creditcard,2024-05-07 05:38:12
no5l-j9jr,False,canceled,cash,2024-05-07 05:38:17
r7zw-0dbk,False,canceled,yemekpay_creditcard,2024-05-07 05:39:30
livq-m3no,False,canceled_to_wallet,yemekpay_creditcard,2024-05-07 05:43:04
q7px-26d3,False,canceled,yemekpay_creditcard,2024-05-07 05:43:32
r3qd-gf5i,False,canceled,yemekpay_creditcard,2024-05-07 05:45:33
khrr-t291,False,canceled,yemekpay_creditcard,2024-05-07 05:45:34
mm6e-oxcv,False,canceled_to_wallet,yemekpay_creditcard,2024-05-07 05:46:16
yoi0-6cfo,False,canceled,yemekpay_creditcard,2024-05-07 05:47:22
mnxs-3u8q,False,canceled,yemekpay_creditcard,2024-05-07 05:47:51
mpqp-r5g8,False,canceled,yemekpay_creditcard,2024-05-07 05:51:21
pwht-tfcg,False,canceled,yemekpay_creditcard,2024-05-07 05:53:26
sh9u-d6jt,False,canceled,yemekpay_creditcard,2024-05-07 05:53:53
wed5-4g64,False,canceled,yemekpay_creditcard,2024-05-07 05:54:39
u7fk-thy9,False,canceled,yemekpay_creditcard,2024-05-07 05:55:25
u7fk-yk8y,False,canceled_to_wallet,yemekpay_creditcard,2024-05-07 05:55:41
d1z8-0vyb,False,canceled,yemekpay_creditcard,2024-05-07 05:55:59
uxla-uqno,False,canceled,cash,2024-05-07 05:56:37
m27w-9loj,False,canceled,yemekpay_creditcard,2024-05-07 05:59:57
a0n2-bmas,False,partially_refunded_to_source,yemekpay_creditcard,2024-05-07 06:00:27
nedw-yukp,False,canceled_to_wallet,yemekpay_creditcard,2024-05-07 06:00:33
rpe8-ubds,False,canceled,yemekpay_creditcard,2024-05-07 06:04:13
i0ws-vep2,False,canceled,yemekpay_creditcard,2024-05-07 06:06:01
xl9d-bafx,False,canceled,yemekpay_creditcard,2024-05-07 06:07:18
w8cj-66yq,False,canceled,yemekpay_creditcard,2024-05-07 06:07:56
wz8g-rhr2,False,canceled,yemekpay_creditcard,2024-05-07 06:09:18
xsm0-n1pp,False,canceled,yemekpay_creditcard,2024-05-07 06:11:21
angs-x20b,False,canceled,yemekpay_creditcard,2024-05-07 06:12:12
wuiw-0jk9,False,canceled,yemekpay_creditcard,2024-05-07 06:13:29
myse-8hmk,False,canceled,yemekpay_creditcard,2024-05-07 06:15:59
kkx7-vfj3,False,canceled,yemekpay_creditcard,2024-05-07 06:16:16
okpl-5ex4,False,canceled,yemekpay_creditcard,2024-05-07 06:16:53
khh5-gwfc,False,canceled,yemekpay_creditcard,2024-05-07 06:18:51
l9y5-cisu,False,canceled_to_wallet,yemekpay_creditcard,2024-05-07 06:19:07
ppbi-2fbe,False,canceled,yemekpay_creditcard,2024-05-07 06:19:23
om21-6ssq,False,canceled,yemekpay_creditcard,2024-05-07 06:22:10
dwvv-gfsn,False,canceled,yemekpay_creditcard,2024-05-07 06:22:26
x0nx-6lfh,False,canceled,yemekpay_creditcard,2024-05-07 06:23:06
x0nx-ut0j,False,canceled,yemekpay_creditcard,2024-05-07 06:23:18
epan-u5y1,False,canceled,yemekpay_creditcard,2024-05-07 06:23:49
bobu-2nf0,False,canceled,yemekpay_creditcard,2024-05-07 06:24:26
v9nh-aumx,False,canceled_to_wallet,yemekpay_creditcard,2024-05-07 06:27:31
lprb-12bb,False,canceled_to_wallet,yemekpay_creditcard,2024-05-07 06:28:29
eslr-n6l5,False,canceled,yemekpay_creditcard,2024-05-07 06:29:26
basa-pksf,False,canceled,yemekpay_creditcard,2024-05-07 06:29:51
dcjc-uvkm,False,canceled_to_wallet,yemekpay_creditcard,2024-05-07 06:30:54
ftk8-safr,False,canceled,yemekpay_creditcard,2024-05-07 06:31:53
i6gt-zehb,False,canceled,yemekpay_creditcard,2024-05-07 06:32:05
pk9n-9775,False,canceled,yemekpay_creditcard,2024-05-07 06:32:55
p5px-npkt,False,canceled,yemekpay_creditcard,2024-05-07 06:32:57
t394-gaqd,False,canceled_to_wallet,yemekpay_creditcard,2024-05-07 06:33:52
f4qi-586s,False,canceled,yemekpay_creditcard,2024-05-07 06:39:04
p7op-k4wa,False,canceled,yemekpay_creditcard,2024-05-07 06:39:33
l487-9h5i,False,canceled,yemekpay_creditcard,2024-05-07 06:40:57
jn99-6poy,False,canceled,yemekpay_creditcard,2024-05-07 06:42:55
edam-ol7d,False,canceled,yemekpay_creditcard,2024-05-07 06:43:36
jqe9-d9q4,False,canceled,yemekpay_creditcard,2024-05-07 06:45:17
nxtu-zebi,False,canceled,yemekpay_creditcard,2024-05-07 06:45:20
t2nm-rgex,False,canceled,yemekpay_creditcard,2024-05-07 06:46:51
ecw6-9lmi,False,canceled,yemekpay_creditcard,2024-05-07 06:46:53
v8kn-xlh1,False,canceled,yemekpay_creditcard,2024-05-07 06:47:41
mw5x-wioh,False,canceled,yemekpay_creditcard,2024-05-07 06:49:20
a6tt-lmwl,False,canceled,yemekpay_creditcard,2024-05-07 06:50:46
y6es-zl2o,False,canceled,yemekpay_creditcard,2024-05-07 06:55:01
h0g5-xw86,False,canceled,yemekpay_creditcard,2024-05-07 06:55:40
zh66-kxg1,False,canceled,yemekpay_creditcard,2024-05-07 06:56:15
i7ig-iyg8,False,canceled,yemekpay_creditcard,2024-05-07 06:58:12
u9bj-2dp5,False,canceled,yemekpay_creditcard,2024-05-07 06:58:25
nsm3-xr5i,False,canceled,yemekpay_creditcard,2024-05-07 06:58:51
cjyq-rqx7,False,canceled,yemekpay_creditcard,2024-05-07 06:59:17
emif-m9db,False,canceled_to_wallet,yemekpay_creditcard,2024-05-07 06:59:42
aqsd-0rwp,False,canceled,yemekpay_creditcard,2024-05-07 07:00:07
ipo3-dk49,False,canceled,yemekpay_creditcard,2024-05-07 07:00:52
z3u1-9jj1,False,canceled,yemekpay_creditcard,2024-05-07 07:02:16
bc6k-v2l9,False,canceled,yemekpay_creditcard,2024-05-07 07:02:59
k9ju-2h0j,False,canceled,yemekpay_creditcard,2024-05-07 07:03:41
wuf0-inhi,False,canceled,yemekpay_creditcard,2024-05-07 07:04:12
n0rd-o5g7,False,canceled_to_wallet,yemekpay_creditcard,2024-05-07 07:04:50
jwum-t8vl,False,canceled,yemekpay_creditcard,2024-05-07 07:05:25
ilm5-3fut,False,canceled,yemekpay_creditcard,2024-05-07 07:06:06
q1i6-7zb1,False,canceled,yemekpay_creditcard,2024-05-07 07:06:09
c83o-thg0,False,canceled,yemekpay_creditcard,2024-05-07 07:06:14
wixz-keu3,False,canceled,yemekpay_creditcard,2024-05-07 07:06:28
ajv9-ehwx,False,canceled,yemekpay_creditcard,2024-05-07 07:06:42
cu9x-pgpa,False,partially_refunded_to_source,yemekpay_creditcard,2024-05-07 07:07:27
ay55-n9w3,False,canceled,yemekpay_creditcard,2024-05-07 07:07:39
i5hf-hc2w,False,canceled,yemekpay_creditcard,2024-05-07 07:07:53
ip6t-qu69,False,canceled,yemekpay_creditcard,2024-05-07 07:08:05
q5if-ed5e,False,canceled_to_wallet,yemekpay_creditcard,2024-05-07 07:08:40
l4v0-uxw7,False,canceled,yemekpay_creditcard,2024-05-07 07:08:45
i2ig-5fux,False,canceled,yemekpay_creditcard,2024-05-07 07:09:41
om76-m9sr,False,canceled,yemekpay_creditcard,2024-05-07 07:09:56
nexb-4wam,False,partially_refunded_to_source,yemekpay_creditcard,2024-05-07 07:10:57
p1un-brpx,False,canceled_to_wallet,yemekpay_creditcard,2024-05-07 07:11:05
pgeh-5s80,False,canceled,yemekpay_creditcard,2024-05-07 07:11:48
jzy3-u3z8,False,canceled_to_wallet,yemekpay_creditcard,2024-05-07 07:11:58
xdrg-wat3,False,canceled,yemekpay_creditcard,2024-05-07 07:12:41
lt00-30pz,False,canceled,yemekpay_creditcard,2024-05-07 07:13:06
j1vh-jgez,False,canceled,yemekpay_creditcard,2024-05-07 07:13:10
u9gq-cnhs,False,canceled,yemekpay_creditcard,2024-05-07 07:13:22
w69k-vx6k,False,canceled,yemekpay_creditcard,2024-05-07 07:15:04
ftat-2xcb,False,canceled,yemekpay_creditcard,2024-05-07 07:15:04
qyvf-vra7,False,canceled,yemekpay_creditcard,2024-05-07 07:15:11
pgvm-if3d,False,canceled,yemekpay_creditcard,2024-05-07 07:15:22
qyvf-uxcw,False,canceled,yemekpay_creditcard,2024-05-07 07:15:24
xmcx-hotw,False,canceled,yemekpay_creditcard,2024-05-07 07:15:56
gpv5-1h0d,False,canceled,yemekpay_creditcard,2024-05-07 07:16:56
yyv0-gtuu,False,canceled,yemekpay_creditcard,2024-05-07 07:17:15
n1of-0735,False,partially_refunded_to_source,yemekpay_creditcard,2024-05-07 07:17:27
kt9n-fa90,False,partially_refunded_to_source,yemekpay_creditcard,2024-05-07 07:17:57
ue4u-b8el,False,canceled,yemekpay_creditcard,2024-05-07 07:19:03
chf0-l5ps,False,canceled,yemekpay_creditcard,2024-05-07 07:19:18
m9ys-kf2m,False,canceled,yemekpay_creditcard,2024-05-07 07:19:20
mwcn-0hxu,False,canceled,yemekpay_creditcard,2024-05-07 07:19:50
iz2p-arri,False,canceled,yemekpay_creditcard,2024-05-07 07:19:57
mf92-wbux,False,canceled,yemekpay_creditcard,2024-05-07 07:21:10
vx79-9q65,False,canceled,yemekpay_creditcard,2024-05-07 07:21:22
v381-5fh6,False,canceled,yemekpay_creditcard,2024-05-07 07:22:13
b34z-ejbp,False,canceled,yemekpay_creditcard,2024-05-07 07:22:49
lxb0-mib8,False,canceled,yemekpay_creditcard,2024-05-07 07:23:02
lxb0-zhnf,False,canceled,yemekpay_creditcard,2024-05-07 07:23:05
x6lk-36s7,False,canceled_to_wallet,yemekpay_creditcard,2024-05-07 07:23:22
bgcn-65sl,False,canceled_to_wallet,yemekpay_creditcard,2024-05-07 07:24:09
ivpc-u7es,False,canceled,yemekpay_creditcard,2024-05-07 07:24:16
wmv1-vhwm,False,canceled,yemekpay_creditcard,2024-05-07 07:24:24
qt7v-6y0e,False,canceled,yemekpay_creditcard,2024-05-07 07:24:41
aaud-071t,False,canceled,yemekpay_creditcard,2024-05-07 07:24:42
wtkg-gx26,False,canceled,yemekpay_creditcard,2024-05-07 07:25:44
xezm-jvxa,False,canceled,yemekpay_creditcard,2024-05-07 07:25:56
v532-y9gh,False,canceled,yemekpay_creditcard,2024-05-07 07:26:24
xjgj-k4nt,False,canceled,yemekpay_creditcard,2024-05-07 07:26:24
qxz7-duej,False,canceled_to_wallet,yemekpay_creditcard,2024-05-07 07:26:32
ykxs-drqb,False,canceled,yemekpay_creditcard,2024-05-07 07:27:01
moam-sejq,False,canceled,yemekpay_creditcard,2024-05-07 07:28:20
irna-17ka,False,canceled_to_wallet,yemekpay_creditcard,2024-05-07 07:28:30
s266-aq68,False,canceled,yemekpay_creditcard,2024-05-07 07:28:48
wgy0-eoyg,False,partially_refunded_to_source,yemekpay_creditcard,2024-05-07 07:28:57
b5tn-0dir,False,canceled_to_wallet,yemekpay_creditcard,2024-05-07 07:29:36
w7hs-osqh,False,canceled,yemekpay_creditcard,2024-05-07 07:29:40
kv64-wjvt,False,canceled,yemekpay_creditcard,2024-05-07 07:30:05
y0n2-c2bz,False,partially_refunded_to_source,yemekpay_creditcard,2024-05-07 07:31:57
z1sg-3gv3,False,canceled,yemekpay_creditcard,2024-05-07 07:33:28
hewy-nmpt,False,canceled,yemekpay_creditcard,2024-05-07 07:33:55
ocam-nlz8,False,canceled,yemekpay_creditcard,2024-05-07 07:34:40
wq5w-11ez,False,canceled,yemekpay_creditcard,2024-05-07 07:35:02
hre3-cyi6,False,partially_refunded_to_source,yemekpay_creditcard,2024-05-07 07:38:57
avvl-cj55,False,canceled,yemekpay_creditcard,2024-05-07 07:39:18
r579-w8ox,False,partially_refunded_to_source,yemekpay_creditcard,2024-05-07 07:39:57
meu4-4g1o,False,canceled,yemekpay_creditcard,2024-05-07 07:39:59
ziz7-ppdr,False,partially_refunded_to_source,yemekpay_creditcard,2024-05-07 07:40:27
lkh2-13hj,False,canceled,yemekpay_creditcard,2024-05-07 07:41:03
uxtv-arzl,False,canceled,yemekpay_creditcard,2024-05-07 07:41:29
njav-gwdi,False,partially_refunded_to_source,yemekpay_creditcard,2024-05-07 07:41:57
pv9o-swjj,False,canceled,yemekpay_creditcard,2024-05-07 07:41:58
kixg-eg44,False,canceled,yemekpay_creditcard,2024-05-07 07:43:03
xune-w19t,False,canceled_to_wallet,yemekpay_creditcard,2024-05-07 07:43:23
qmzx-7nsl,False,canceled,yemekpay_creditcard,2024-05-07 07:44:21
fkwq-4zcs,False,canceled,yemekpay_creditcard,2024-05-07 07:46:20
b5gu-xa1d,False,canceled,yemekpay_creditcard,2024-05-07 07:46:24
r1s9-ut3z,False,canceled_to_wallet,yemekpay_creditcard,2024-05-07 07:46:52
wpda-j6r8,False,canceled,yemekpay_creditcard,2024-05-07 07:47:30
wpda-9ous,False,canceled,yemekpay_creditcard,2024-05-07 07:47:32
w72c-z1dc,False,canceled,yemekpay_creditcard,2024-05-07 07:48:09
zxa0-rz7g,False,canceled_to_wallet,yemekpay_creditcard,2024-05-07 07:49:04
wz8g-n00s,False,canceled,yemekpay_creditcard,2024-05-07 07:49:15
h73f-fdfz,False,canceled,yemekpay_creditcard,2024-05-07 07:49:48
ad8p-qszs,False,canceled,yemekpay_creditcard,2024-05-07 07:50:24
k0bp-liye,False,canceled,yemekpay_creditcard,2024-05-07 07:50:38
lkh2-c7qf,False,canceled,yemekpay_creditcard,2024-05-07 07:50:55
sgwj-rq6n,False,partially_refunded_to_source,yemekpay_creditcard,2024-05-07 07:50:57
u8c4-b52u,False,canceled,yemekpay_creditcard,2024-05-07 07:51:06
zsbi-2d68,False,canceled,yemekpay_creditcard,2024-05-07 07:51:22
q6we-oull,False,canceled,yemekpay_creditcard,2024-05-07 07:51:37
dom1-huvk,False,canceled,balance,2024-05-07 07:52:34
e4wi-bn4e,False,canceled,yemekpay_creditcard,2024-05-07 07:53:34
y9iw-au9f,False,canceled,yemekpay_creditcard,2024-05-07 07:53:35
oudc-comm,False,partially_refunded_to_source,yemekpay_creditcard,2024-05-07 07:53:57
ipls-jxk2,False,canceled,yemekpay_creditcard,2024-05-07 07:54:19
c2q7-08jd,False,canceled,yemekpay_creditcard,2024-05-07 07:55:12
t6it-g8dd,False,canceled,yemekpay_creditcard,2024-05-07 07:56:06
vkz3-m7m0,False,canceled,yemekpay_creditcard,2024-05-07 07:56:16
z5u0-zokz,False,canceled,yemekpay_creditcard,2024-05-07 07:56:38
tpyc-4ley,False,canceled,yemekpay_creditcard,2024-05-07 07:56:49
gcwy-7w68,False,canceled,craftgate_edenred,2024-05-07 07:56:59
xf9c-v19k,False,canceled,yemekpay_creditcard,2024-05-07 07:57:02
fjjl-t78p,False,canceled,yemekpay_creditcard,2024-05-07 07:57:15
qgsb-vfxh,False,canceled,yemekpay_creditcard,2024-05-07 07:57:53
u3nt-lmi6,False,canceled,yemekpay_creditcard,2024-05-07 07:58:21
fgch-b34g,False,canceled,yemekpay_creditcard,2024-05-07 07:58:32
e8ud-czce,False,canceled,yemekpay_creditcard,2024-05-07 08:00:05
kpej-m4t1,False,canceled,yemekpay_creditcard,2024-05-07 08:00:13
hxf7-zqvm,False,canceled,yemekpay_creditcard,2024-05-07 08:00:57
pi47-ik4c,False,canceled,yemekpay_creditcard,2024-05-07 08:01:06
f02s-ty3g,False,canceled,yemekpay_creditcard,2024-05-07 08:01:08
ujg9-q839,False,partially_refunded_to_source,yemekpay_creditcard,2024-05-07 08:01:57
omxf-ugny,False,canceled,yemekpay_creditcard,2024-05-07 08:02:04
llhr-z5or,False,canceled_to_wallet,yemekpay_creditcard,2024-05-07 08:02:04
eb9r-f17p,False,canceled_to_wallet,yemekpay_creditcard,2024-05-07 08:02:14
ie43-bhil,False,canceled,yemekpay_creditcard,2024-05-07 08:02:49
pnu2-rmz2,False,partially_refunded_to_source,yemekpay_creditcard,2024-05-07 08:02:57
vawm-uhcy,False,canceled,yemekpay_creditcard,2024-05-07 08:03:07
wjzw-y719,False,canceled,yemekpay_creditcard,2024-05-07 08:03:10
e4wi-o887,False,canceled,yemekpay_creditcard,2024-05-07 08:03:58
qr2e-dblu,False,canceled,yemekpay_creditcard,2024-05-07 08:04:43
kfdv-3ark,False,canceled,yemekpay_creditcard,2024-05-07 08:04:56
niqq-1zva,False,canceled,yemekpay_creditcard,2024-05-07 08:05:13
tyrx-0dd7,False,canceled,yemekpay_creditcard,2024-05-07 08:05:22
tnrv-6qiv,False,canceled,yemekpay_creditcard,2024-05-07 08:05:57
yx90-h8jt,False,canceled,yemekpay_creditcard,2024-05-07 08:05:58
pbb8-5v1j,False,canceled,yemekpay_creditcard,2024-05-07 08:07:04
wabi-vpj0,False,canceled,yemekpay_creditcard,2024-05-07 08:07:10
cjsz-6s2l,False,canceled,yemekpay_creditcard,2024-05-07 08:07:46
kxu4-23bt,False,canceled_to_wallet,yemekpay_creditcard,2024-05-07 08:08:02
hr3t-35tp,False,canceled,yemekpay_creditcard,2024-05-07 08:08:04
edam-m8oj,False,canceled,yemekpay_creditcard,2024-05-07 08:08:36
vzn8-1www,False,canceled,yemekpay_creditcard,2024-05-07 08:08:41
lcwg-v1c1,False,canceled,yemekpay_creditcard,2024-05-07 08:08:56
od6n-qnzm,False,canceled,yemekpay_creditcard,2024-05-07 08:09:24
wplu-fhlf,False,canceled,yemekpay_creditcard,2024-05-07 08:09:45
yxm8-zf5a,False,canceled,yemekpay_creditcard,2024-05-07 08:09:51
z6gy-5nli,False,canceled,yemekpay_creditcard,2024-05-07 08:09:58
tany-rjr7,False,canceled,yemekpay_creditcard,2024-05-07 08:10:12
sjbt-c7rf,False,canceled,yemekpay_creditcard,2024-05-07 08:10:39
mfqd-1gef,False,canceled,yemekpay_creditcard,2024-05-07 08:11:17
equ8-9ei2,False,canceled,yemekpay_creditcard,2024-05-07 08:11:18
krhj-5p3k,False,canceled,yemekpay_creditcard,2024-05-07 08:12:00
tezp-8yfa,False,canceled,yemekpay_creditcard,2024-05-07 08:12:32
oyvr-2mjl,False,canceled,yemekpay_creditcard,2024-05-07 08:12:33
t105-m3wr,False,canceled,yemekpay_creditcard,2024-05-07 08:12:34
a5xp-s9mc,False,canceled,yemekpay_creditcard,2024-05-07 08:12:35
o2bh-xwbn,False,partially_refunded_to_source,yemekpay_creditcard,2024-05-07 08:12:57
mvrr-0qlj,False,canceled,yemekpay_creditcard,2024-05-07 08:13:05
cho8-cc7e,False,canceled,yemekpay_creditcard,2024-05-07 08:13:10
tclp-xg5v,False,canceled,yemekpay_creditcard,2024-05-07 08:13:36
jikc-a5pt,False,canceled_to_wallet,yemekpay_creditcard,2024-05-07 08:13:37
j7z8-4lzq,False,canceled_to_wallet,yemekpay_creditcard,2024-05-07 08:13:40
ya3o-ljkb,False,partially_refunded_to_source,yemekpay_creditcard,2024-05-07 08:14:27
tdnp-ehr1,False,canceled,yemekpay_creditcard,2024-05-07 08:14:42
mse3-bgwa,False,canceled,yemekpay_creditcard,2024-05-07 08:14:50
tlln-snap,False,canceled,yemekpay_creditcard,2024-05-07 08:14:56
mse3-y3q4,False,canceled,yemekpay_creditcard,2024-05-07 08:15:17
awiz-r6yf,False,canceled,yemekpay_creditcard,2024-05-07 08:15:57
u82f-n2e4,False,canceled,yemekpay_creditcard,2024-05-07 08:16:06
u82f-6w52,False,canceled,yemekpay_creditcard,2024-05-07 08:16:11
jajr-1x15,False,canceled,yemekpay_creditcard,2024-05-07 08:16:16
gzk9-mpp6,False,canceled,yemekpay_creditcard,2024-05-07 08:16:22
y7xj-d5it,False,canceled,yemekpay_creditcard,2024-05-07 08:16:51
xlkf-cwu6,False,canceled,yemekpay_creditcard,2024-05-07 08:17:42
aoqk-z9ni,False,canceled,yemekpay_creditcard,2024-05-07 08:17:42
ixcu-yqe6,False,canceled,yemekpay_creditcard,2024-05-07 08:18:07
oapm-bzfg,False,canceled,yemekpay_creditcard,2024-05-07 08:18:18
n1m8-99g2,False,partially_refunded_to_source,yemekpay_creditcard,2024-05-07 08:18:57
tbcb-r89h,False,canceled,yemekpay_creditcard,2024-05-07 08:19:23
ipo3-p5lj,False,canceled,balance,2024-05-07 08:19:24
pyyf-fdr0,False,canceled,yemekpay_creditcard,2024-05-07 08:19:37
lkh2-f66g,False,canceled,yemekpay_creditcard,2024-05-07 08:20:06
k5rb-z3fm,False,canceled,yemekpay_creditcard,2024-05-07 08:20:35
wkoe-mneb,False,canceled,yemekpay_creditcard,2024-05-07 08:20:41
b3es-ws8t,False,canceled,yemekpay_creditcard,2024-05-07 08:20:52
z2i6-nwrq,False,canceled_to_wallet,yemekpay_creditcard,2024-05-07 08:21:38
k0bp-l9ew,False,canceled,yemekpay_creditcard,2024-05-07 08:21:48
y74s-97gb,False,canceled,yemekpay_creditcard,2024-05-07 08:21:51
p1q8-7ez3,False,canceled,yemekpay_creditcard,2024-05-07 08:21:56
h85q-o4su,False,canceled,yemekpay_creditcard,2024-05-07 08:22:35
rrmd-64og,False,canceled,yemekpay_creditcard,2024-05-07 08:23:01
hi7j-fcui,False,canceled,yemekpay_creditcard,2024-05-07 08:23:55
uhut-rqak,False,canceled,yemekpay_creditcard,2024-05-07 08:25:21
rydj-gdla,False,canceled,yemekpay_creditcard,2024-05-07 08:25:47
hgh6-dynu,False,canceled,yemekpay_creditcard,2024-05-07 08:26:29
hgh6-aqnl,False,canceled,yemekpay_creditcard,2024-05-07 08:26:31
vg6z-hkgp,False,canceled_to_wallet,yemekpay_creditcard,2024-05-07 08:26:55
mtkp-qvx3,False,canceled,yemekpay_creditcard,2024-05-07 08:26:57
p0as-hrpk,False,partially_refunded_to_source,yemekpay_creditcard,2024-05-07 08:27:27
zqhz-dikg,False,canceled,yemekpay_creditcard,2024-05-07 08:28:09
ft04-sr0z,False,canceled,yemekpay_creditcard,2024-05-07 08:28:17
zgm0-67y3,False,canceled,yemekpay_creditcard,2024-05-07 08:28:35
v6aa-kp7k,False,canceled,yemekpay_creditcard,2024-05-07 08:28:42
hn36-83zl,False,canceled,yemekpay_creditcard,2024-05-07 08:29:37
i2vg-hsny,False,canceled,yemekpay_creditcard,2024-05-07 08:31:19
xq6z-h118,False,canceled,yemekpay_creditcard,2024-05-07 08:31:21
h576-rhbd,False,canceled,yemekpay_creditcard,2024-05-07 08:31:27
i7a7-ihux,False,canceled,yemekpay_creditcard,2024-05-07 08:32:14
xyss-vw2b,False,canceled,yemekpay_creditcard,2024-05-07 08:32:51
ijd8-ksse,False,canceled_to_wallet,yemekpay_creditcard,2024-05-07 08:33:01
ditr-0k65,False,canceled,yemekpay_creditcard,2024-05-07 08:33:53
xl9d-zd4n,False,canceled,yemekpay_creditcard,2024-05-07 08:34:33
h642-a3au,False,canceled,yemekpay_creditcard,2024-05-07 08:35:20
ctdt-jjv1,False,canceled,yemekpay_creditcard,2024-05-07 08:35:54
ctdt-g4yo,False,canceled,yemekpay_creditcard,2024-05-07 08:35:55
sykw-aeuu,False,canceled_to_wallet,yemekpay_creditcard,2024-05-07 08:36:36
m9ys-2gkj,False,partially_refunded_to_source,yemekpay_creditcard,2024-05-07 08:37:27
y1iv-ebct,False,canceled_to_wallet,yemekpay_creditcard,2024-05-07 08:37:44
ss8a-0pu0,False,canceled,yemekpay_creditcard,2024-05-07 08:38:14
yic6-96f0,False,canceled,yemekpay_creditcard,2024-05-07 08:38:45
dakk-guy8,False,canceled,yemekpay_creditcard,2024-05-07 08:39:13
zl3j-5vnt,False,canceled,yemekpay_creditcard,2024-05-07 08:39:14
omqk-hg9y,False,canceled,yemekpay_creditcard,2024-05-07 08:39:40
fc9u-7uib,False,canceled,yemekpay_creditcard,2024-05-07 08:39:58
h4xu-bfd7,False,canceled,yemekpay_creditcard,2024-05-07 08:40:20
q8cv-b9jo,False,canceled,yemekpay_creditcard,2024-05-07 08:40:45
gt4l-1nqu,False,canceled_to_wallet,yemekpay_creditcard,2024-05-07 08:40:53
it10-2ggf,False,canceled,yemekpay_creditcard,2024-05-07 08:41:42
asam-wyjm,False,canceled,yemekpay_creditcard,2024-05-07 08:42:13
ooaa-1wz5,False,canceled,yemekpay_creditcard,2024-05-07 08:42:59
gxaj-8dxz,False,canceled_to_wallet,yemekpay_creditcard,2024-05-07 08:42:59
lkwx-5yef,False,canceled,yemekpay_creditcard,2024-05-07 08:43:22
jmk8-efd5,False,canceled,yemekpay_creditcard,2024-05-07 08:43:26
jmk8-5mp2,False,canceled,yemekpay_creditcard,2024-05-07 08:43:27
trza-qgy6,False,canceled,yemekpay_creditcard,2024-05-07 08:44:25
vr0u-ul0z,False,canceled,yemekpay_creditcard,2024-05-07 08:44:56
eodz-6hr6,False,canceled,yemekpay_creditcard,2024-05-07 08:45:30
t76d-xax7,False,canceled_to_wallet,yemekpay_creditcard,2024-05-07 08:45:41
nr9m-bl7g,False,canceled,yemekpay_creditcard,2024-05-07 08:45:48
w243-0bqs,False,canceled,yemekpay_creditcard,2024-05-07 08:46:17
c7wk-6p3k,False,canceled,yemekpay_creditcard,2024-05-07 08:46:42
nhkh-mi8s,False,canceled_to_wallet,yemekpay_creditcard,2024-05-07 08:47:12
kyu9-m04v,False,canceled,yemekpay_creditcard,2024-05-07 08:47:17
s8v5-s9ol,False,canceled,yemekpay_creditcard,2024-05-07 08:47:46
gyvb-x9o0,False,canceled_to_wallet,yemekpay_creditcard,2024-05-07 08:48:21
ito2-8d72,False,canceled,yemekpay_creditcard,2024-05-07 08:48:34
it10-djum,False,canceled,yemekpay_creditcard,2024-05-07 08:49:02
omwx-bvnm,False,canceled,yemekpay_creditcard,2024-05-07 08:50:44
yvlh-9rer,False,canceled,yemekpay_creditcard,2024-05-07 08:50:47
q9ro-bmze,False,canceled,yemekpay_creditcard,2024-05-07 08:51:12
dqt7-jz2h,False,canceled,yemekpay_creditcard,2024-05-07 08:51:37
px52-yqvs,False,canceled_to_wallet,yemekpay_creditcard,2024-05-07 08:51:38
m23n-bxhk,False,canceled,yemekpay_creditcard,2024-05-07 08:51:43
v9ri-air4,False,canceled,yemekpay_creditcard,2024-05-07 08:52:21
oxd9-7nhh,False,canceled,yemekpay_creditcard,2024-05-07 08:52:36
uoum-axmr,False,canceled_to_wallet,yemekpay_creditcard,2024-05-07 08:53:41
z74f-jkxo,False,canceled,yemekpay_creditcard,2024-05-07 08:54:10
ito2-yzmu,False,canceled,yemekpay_creditcard,2024-05-07 08:54:19
pmof-5o43,False,canceled,yemekpay_creditcard,2024-05-07 08:54:54
iylt-kk04,False,canceled,yemekpay_creditcard,2024-05-07 08:54:57
z4w1-e1oy,False,canceled,yemekpay_creditcard,2024-05-07 08:55:54
koit-x3i7,False,canceled,yemekpay_creditcard,2024-05-07 08:56:12
h2g6-c2he,False,canceled,yemekpay_creditcard,2024-05-07 08:56:25
ccw1-7dif,False,canceled,yemekpay_creditcard,2024-05-07 08:57:06
ccw1-1w6k,False,canceled,yemekpay_creditcard,2024-05-07 08:57:10
yryt-nd77,False,canceled,yemekpay_creditcard,2024-05-07 08:57:16
sxi6-4lmh,False,canceled,yemekpay_creditcard,2024-05-07 08:57:16
zf83-x8we,False,canceled,yemekpay_creditcard,2024-05-07 08:57:27
m8z5-j22i,False,partially_refunded_to_source,yemekpay_creditcard,2024-05-07 08:57:27
up7n-i50e,False,canceled,yemekpay_creditcard,2024-05-07 08:57:44
aenw-p0vd,False,canceled,yemekpay_creditcard,2024-05-07 08:58:14
mdp2-oh94,False,canceled,yemekpay_creditcard,2024-05-07 08:58:21
ad95-fmwg,False,canceled,yemekpay_creditcard,2024-05-07 08:58:44
tfv6-o3h7,False,partially_refunded_to_source,yemekpay_creditcard,2024-05-07 08:58:57
xghk-ae58,False,canceled,yemekpay_creditcard,2024-05-07 08:59:02
wu7q-g8hy,False,canceled,yemekpay_creditcard,2024-05-07 08:59:20
wzem-8klt,False,canceled,yemekpay_creditcard,2024-05-07 09:00:02
mn7b-obar,False,canceled,yemekpay_creditcard,2024-05-07 09:00:33
ton2-hmho,False,canceled,yemekpay_creditcard,2024-05-07 09:00:46
bsxl-mtih,False,canceled,yemekpay_creditcard,2024-05-07 09:00:52
fiws-pjfp,False,canceled,yemekpay_creditcard,2024-05-07 09:01:11
nwvb-iw7u,False,canceled,yemekpay_creditcard,2024-05-07 09:02:07
f351-vkcs,False,canceled,yemekpay_creditcard,2024-05-07 09:02:14
q34d-1nad,False,canceled_to_wallet,yemekpay_creditcard,2024-05-07 09:02:17
cmaz-nzya,False,canceled,yemekpay_creditcard,2024-05-07 09:02:46
rff6-isjz,False,partially_refunded_to_source,yemekpay_creditcard,2024-05-07 09:02:57
o711-8twp,False,canceled,yemekpay_creditcard,2024-05-07 09:03:11
w04h-zpb5,False,canceled,yemekpay_creditcard,2024-05-07 09:03:19
mgq4-km26,False,canceled,yemekpay_creditcard,2024-05-07 09:03:25
dq8x-5f1n,False,canceled,yemekpay_creditcard,2024-05-07 09:04:08
hpu9-u30n,False,canceled,yemekpay_creditcard,2024-05-07 09:04:19
b8j8-plvg,False,canceled_to_wallet,yemekpay_creditcard,2024-05-07 09:04:27
v2mn-rgef,False,partially_refunded_to_source,yemekpay_creditcard,2024-05-07 09:04:27
juf9-a90y,False,canceled,yemekpay_creditcard,2024-05-07 09:04:30
zx61-25pc,False,canceled,yemekpay_creditcard,2024-05-07 09:04:42
phaw-g7qg,False,canceled,yemekpay_creditcard,2024-05-07 09:05:13
t3vg-e4yj,False,canceled,yemekpay_creditcard,2024-05-07 09:05:15
um1k-ugkv,False,canceled,yemekpay_creditcard,2024-05-07 09:05:38
jbuk-ayth,False,canceled_to_wallet,yemekpay_creditcard,2024-05-07 09:06:07
k7nq-uood,False,canceled,yemekpay_creditcard,2024-05-07 09:06:53
f4z2-w78k,False,partially_refunded_to_source,yemekpay_creditcard,2024-05-07 09:06:57
mp0q-zsyu,False,partially_refunded_to_source,yemekpay_creditcard,2024-05-07 09:08:08
vuxy-vnpb,False,canceled,yemekpay_creditcard,2024-05-07 09:08:09
yam9-rzik,False,canceled,yemekpay_creditcard,2024-05-07 09:09:34
hirc-a7ig,False,canceled,yemekpay_creditcard,2024-05-07 09:11:26
cmh2-9i34,False,partially_refunded_to_source,yemekpay_creditcard,2024-05-07 09:11:57
m36w-rwuf,False,partially_refunded_to_source,yemekpay_creditcard,2024-05-07 09:12:27
gbg2-9trp,False,canceled,yemekpay_creditcard,2024-05-07 09:12:36
r4jz-173g,False,canceled,yemekpay_creditcard,2024-05-07 09:12:37
lrj3-k8yv,False,canceled,yemekpay_creditcard,2024-05-07 09:13:14
vwqd-xzsf,False,canceled,yemekpay_creditcard,2024-05-07 09:13:42
czom-j4xd,False,canceled,yemekpay_creditcard,2024-05-07 09:14:12
cq05-4zh8,False,canceled,yemekpay_creditcard,2024-05-07 09:14:26
quu4-kqee,False,canceled,yemekpay_creditcard,2024-05-07 09:14:55
y7cs-spgi,False,canceled_to_wallet,yemekpay_creditcard,2024-05-07 09:15:04
wuwu-qc8l,False,partially_refunded_to_source,yemekpay_creditcard,2024-05-07 09:15:27
aian-zrx5,False,canceled,yemekpay_creditcard,2024-05-07 09:16:18
kg9z-e0nf,False,partially_refunded_to_source,yemekpay_creditcard,2024-05-07 09:16:27
t2d7-93it,False,canceled_to_wallet,yemekpay_creditcard,2024-05-07 09:16:42
kl95-es5k,False,canceled,yemekpay_creditcard,2024-05-07 09:16:57
gel6-c23k,False,canceled,yemekpay_creditcard,2024-05-07 09:17:44
j2bs-f8el,False,canceled,yemekpay_creditcard,2024-05-07 09:21:00
mcvq-z5kv,False,canceled,yemekpay_creditcard,2024-05-07 09:21:03
arbx-10eg,False,partially_refunded_to_source,yemekpay_creditcard,2024-05-07 09:21:27
yn2i-rboh,False,canceled,yemekpay_creditcard,2024-05-07 09:22:33
g82o-qda5,False,canceled,yemekpay_creditcard,2024-05-07 09:22:44
tztr-iec8,False,canceled,yemekpay_creditcard,2024-05-07 09:22:46
mja4-ybip,False,canceled,yemekpay_creditcard,2024-05-07 09:23:06
sj3j-mkzm,False,canceled,yemekpay_creditcard,2024-05-07 09:23:21
b816-q92g,False,partially_refunded_to_source,yemekpay_creditcard,2024-05-07 09:23:27
d0y0-il4l,False,canceled,yemekpay_creditcard,2024-05-07 09:23:30
w4ed-g7p6,False,partially_refunded_to_source,yemekpay_creditcard,2024-05-07 09:23:57
q7fu-dzzb,False,canceled,yemekpay_creditcard,2024-05-07 09:24:20
qtlg-kqr1,False,canceled,yemekpay_creditcard,2024-05-07 09:24:22
mc8p-op9n,False,canceled,yemekpay_creditcard,2024-05-07 09:24:27
fovl-em65,False,partially_refunded_to_source,yemekpay_creditcard,2024-05-07 09:25:27
hn97-wvnc,False,canceled,yemekpay_creditcard,2024-05-07 09:25:55
kuwz-0qve,False,canceled,yemekpay_creditcard,2024-05-07 09:26:24
qyvf-79xm,False,canceled,yemekpay_creditcard,2024-05-07 09:26:29
dcdn-fgrg,False,canceled,yemekpay_creditcard,2024-05-07 09:27:21
dfgj-9r3o,False,canceled,yemekpay_creditcard,2024-05-07 09:27:23
dfgj-cou9,False,canceled,yemekpay_creditcard,2024-05-07 09:27:43
t3h6-v75n,False,canceled,yemekpay_creditcard,2024-05-07 09:28:10
d42b-8a1f,False,canceled,yemekpay_creditcard,2024-05-07 09:28:45
bobu-7k0l,False,canceled,yemekpay_creditcard,2024-05-07 09:28:55
id2v-xxz4,False,canceled,yemekpay_creditcard,2024-05-07 09:29:28
ncnk-sp8x,False,canceled,yemekpay_creditcard,2024-05-07 09:31:26
qohh-es0a,False,canceled,yemekpay_creditcard,2024-05-07 09:32:51
jajr-stl9,False,partially_refunded_to_source,yemekpay_creditcard,2024-05-07 09:32:57
lw09-o7xb,False,canceled,yemekpay_creditcard,2024-05-07 09:33:08
m2sk-qeox,False,canceled_to_wallet,yemekpay_creditcard,2024-05-07 09:33:40
p5wh-ma4v,False,canceled,yemekpay_creditcard,2024-05-07 09:34:19
iim6-y5f4,False,canceled,yemekpay_creditcard,2024-05-07 09:34:30
hhwj-rdmr,False,canceled,yemekpay_creditcard,2024-05-07 09:34:44
sy2m-z625,False,canceled,yemekpay_creditcard,2024-05-07 09:34:45
eq9i-39s1,False,canceled_to_wallet,yemekpay_creditcard,2024-05-07 09:34:50
bmo9-9awk,False,canceled,yemekpay_creditcard,2024-05-07 09:35:12
wey9-m3c4,False,partially_refunded_to_source,yemekpay_creditcard,2024-05-07 09:35:27
pjp1-6997,False,canceled,yemekpay_creditcard,2024-05-07 09:35:35
w66h-oh1p,False,canceled,yemekpay_creditcard,2024-05-07 09:36:04
w66h-ru6o,False,canceled,yemekpay_creditcard,2024-05-07 09:36:04
i51x-4w70,False,canceled,yemekpay_creditcard,2024-05-07 09:36:34
lgwm-gtgk,False,canceled_to_wallet,yemekpay_creditcard,2024-05-07 09:37:19
otq7-oabu,False,canceled,yemekpay_creditcard,2024-05-07 09:37:45
qiqd-nwkv,False,canceled,yemekpay_creditcard,2024-05-07 09:37:50
sdqi-9x1i,False,canceled,yemekpay_creditcard,2024-05-07 09:38:18
dc8h-3le2,False,partially_refunded_to_source,yemekpay_creditcard,2024-05-07 09:38:27
dpg2-xvfk,False,canceled,yemekpay_creditcard,2024-05-07 09:38:30
ni25-lq58,False,canceled,yemekpay_creditcard,2024-05-07 09:38:56
mn6l-xla9,False,partially_refunded_to_source,yemekpay_creditcard,2024-05-07 09:38:57
m7lu-vn48,False,canceled,yemekpay_creditcard,2024-05-07 09:38:58
xx2b-dch0,False,canceled,yemekpay_creditcard,2024-05-07 09:39:06
ljy2-2nz7,False,canceled,yemekpay_creditcard,2024-05-07 09:39:14
mta6-rqyx,False,canceled,yemekpay_creditcard,2024-05-07 09:39:38
lcwg-re26,False,canceled,yemekpay_creditcard,2024-05-07 09:40:27
lcwg-hnif,False,canceled,yemekpay_creditcard,2024-05-07 09:40:31
a4d9-z4o2,False,partially_refunded_to_source,yemekpay_creditcard,2024-05-07 09:40:57
xuqu-97qc,False,canceled,yemekpay_creditcard,2024-05-07 09:41:05
u9e2-uynn,False,canceled,yemekpay_creditcard,2024-05-07 09:41:05
df77-mvf9,False,canceled,yemekpay_creditcard,2024-05-07 09:41:16
px52-rqdu,False,canceled,yemekpay_creditcard,2024-05-07 09:41:49
rlma-yx69,False,canceled,yemekpay_creditcard,2024-05-07 09:41:56
rlma-cc9n,False,canceled,yemekpay_creditcard,2024-05-07 09:41:58
rxsq-btpc,False,canceled,yemekpay_creditcard,2024-05-07 09:42:07
p1bi-iqen,False,canceled,yemekpay_creditcard,2024-05-07 09:42:16
qd3r-qcg3,False,canceled_to_wallet,yemekpay_creditcard,2024-05-07 09:43:08
wed5-7r5v,False,canceled,yemekpay_creditcard,2024-05-07 09:43:50
tukr-w1d9,False,canceled,yemekpay_creditcard,2024-05-07 09:43:55
adai-5m1s,False,canceled,yemekpay_creditcard,2024-05-07 09:44:05
ra91-6jkm,False,canceled,yemekpay_creditcard,2024-05-07 09:45:07
g6wt-6eak,False,canceled,yemekpay_creditcard,2024-05-07 09:45:21
y8xa-3shw,False,canceled,yemekpay_creditcard,2024-05-07 09:45:21
dp9e-rh4g,False,canceled,yemekpay_creditcard,2024-05-07 09:45:32
y233-mwce,False,partially_refunded_to_source,yemekpay_creditcard,2024-05-07 09:45:57
y6fs-tjer,False,canceled,yemekpay_creditcard,2024-05-07 09:45:58
kk6o-3tov,False,canceled,yemekpay_creditcard,2024-05-07 09:46:13
sh4q-g67j,False,canceled,yemekpay_creditcard,2024-05-07 09:46:19
lm6l-ijal,False,canceled,yemekpay_creditcard,2024-05-07 09:46:55
p7n5-8rnq,False,canceled_to_wallet,yemekpay_creditcard,2024-05-07 09:47:58
tief-etgx,False,canceled,yemekpay_creditcard,2024-05-07 09:48:08
xghk-7aw0,False,canceled_to_wallet,yemekpay_creditcard,2024-05-07 09:48:18
y9cc-day9,False,partially_refunded_to_source,yemekpay_creditcard,2024-05-07 09:48:27
j64q-a2ax,False,canceled,yemekpay_creditcard,2024-05-07 09:48:32
k9ju-wf5r,False,canceled,yemekpay_creditcard,2024-05-07 09:49:02
qlkj-0jki,False,canceled,yemekpay_creditcard,2024-05-07 09:49:25
mw3j-51l3,False,canceled,yemekpay_creditcard,2024-05-07 09:49:39
m21z-ivp3,False,canceled_to_wallet,yemekpay_creditcard,2024-05-07 09:50:51
pjp1-a6vx,False,canceled_to_wallet,yemekpay_creditcard,2024-05-07 09:51:37
hq8v-oljl,False,canceled,yemekpay_creditcard,2024-05-07 09:52:29
rkv7-y6w2,False,canceled,yemekpay_creditcard,2024-05-07 09:52:47
snw8-g96u,False,canceled,yemekpay_creditcard,2024-05-07 09:53:34
yobn-5unl,False,canceled,yemekpay_creditcard,2024-05-07 09:53:55
w04h-a1dz,False,partially_refunded_to_source,yemekpay_creditcard,2024-05-07 09:54:27
ydfe-feiq,False,canceled,yemekpay_creditcard,2024-05-07 09:55:19
bjh5-zj31,False,canceled,yemekpay_creditcard,2024-05-07 09:55:45
bjh5-0r66,False,canceled,yemekpay_creditcard,2024-05-07 09:55:47
nsl8-0k22,False,canceled,yemekpay_creditcard,2024-05-07 09:56:30
udge-qwgi,False,canceled,yemekpay_creditcard,2024-05-07 09:57:01
iacp-gksn,False,canceled,yemekpay_creditcard,2024-05-07 09:57:07
d0y5-5p2w,False,canceled,yemekpay_creditcard,2024-05-07 09:57:07
